Width,Height,Roi.X1,Roi.Y1,Roi.X2,Roi.Y2,ClassId,Path
32,33,5,5,26,28,12,Test/00007.png
38,37,6,5,33,32,12,Test/00010.png
80,74,8,6,73,68,12,Test/00037.png
41,40,6,5,36,35,12,Test/00043.png
87,83,8,7,80,76,12,Test/00075.png
71,70,7,6,65,64,12,Test/00094.png
53,52,6,5,48,47,12,Test/00192.png
29,34,5,6,24,29,12,Test/00225.png
36,36,5,5,31,31,12,Test/00226.png
94,93,9,8,86,85,12,Test/00236.png
29,29,5,5,23,23,12,Test/00240.png
33,34,5,6,28,29,12,Test/00248.png
26,26,5,6,20,21,12,Test/00265.png
58,58,5,5,53,53,12,Test/00300.png
35,35,5,5,29,30,12,Test/00354.png
40,39,6,5,35,34,12,Test/00387.png
47,42,6,5,42,37,12,Test/00399.png
32,31,6,5,27,26,12,Test/00434.png
66,65,6,6,60,59,12,Test/00475.png
84,82,8,7,77,74,12,Test/00486.png
31,33,5,6,26,28,12,Test/00534.png
68,70,6,7,62,64,12,Test/00543.png
61,61,6,6,56,56,12,Test/00548.png
29,32,5,6,24,27,12,Test/00549.png
74,71,7,6,68,65,12,Test/00564.png
43,43,5,5,37,37,12,Test/00623.png
41,43,5,5,36,38,12,Test/00646.png
40,38,5,5,35,33,12,Test/00654.png
32,32,6,5,26,27,12,Test/00683.png
51,56,5,6,46,51,12,Test/00703.png
36,36,5,5,31,31,12,Test/00706.png
52,51,6,5,47,46,12,Test/00707.png
44,47,5,6,39,42,12,Test/00757.png
63,63,5,6,58,58,12,Test/00764.png
55,54,6,5,50,49,12,Test/00782.png
28,28,6,6,23,23,12,Test/00804.png
57,57,6,6,52,52,12,Test/00840.png
41,43,6,6,36,38,12,Test/00848.png
39,37,5,6,33,32,12,Test/00888.png
42,45,5,5,37,40,12,Test/00920.png
29,28,5,5,23,23,12,Test/00939.png
27,28,5,5,21,23,12,Test/00950.png
85,84,8,7,78,77,12,Test/00962.png
28,30,6,6,23,25,12,Test/00970.png
28,30,6,6,23,25,12,Test/01002.png
94,95,9,8,86,87,12,Test/01003.png
60,59,6,5,55,53,12,Test/01008.png
96,95,9,8,88,87,12,Test/01009.png
32,32,6,5,27,27,12,Test/01014.png
53,52,6,5,48,47,12,Test/01028.png
65,56,6,5,60,51,12,Test/01042.png
29,29,5,6,23,24,12,Test/01044.png
38,38,6,5,33,33,12,Test/01061.png
44,44,5,5,39,38,12,Test/01064.png
68,67,6,6,62,61,12,Test/01109.png
51,53,5,6,46,48,12,Test/01114.png
61,52,6,5,56,47,12,Test/01126.png
65,62,5,5,59,57,12,Test/01138.png
55,52,6,5,49,47,12,Test/01144.png
35,36,5,5,29,30,12,Test/01185.png
30,29,6,5,24,24,12,Test/01189.png
63,62,6,5,58,57,12,Test/01211.png
82,83,7,7,75,76,12,Test/01213.png
34,33,5,5,29,28,12,Test/01215.png
39,41,5,6,33,36,12,Test/01240.png
97,98,8,9,89,90,12,Test/01244.png
87,75,8,6,80,69,12,Test/01249.png
82,81,8,8,75,74,12,Test/01255.png
41,39,6,5,36,34,12,Test/01271.png
93,87,9,8,85,80,12,Test/01343.png
36,36,6,6,31,31,12,Test/01351.png
31,32,5,5,26,27,12,Test/01355.png
63,57,6,5,58,52,12,Test/01357.png
48,50,5,5,42,44,12,Test/01366.png
45,45,5,5,40,40,12,Test/01388.png
40,41,5,6,35,36,12,Test/01399.png
44,45,6,6,39,40,12,Test/01408.png
38,38,6,6,33,33,12,Test/01415.png
59,60,5,6,54,55,12,Test/01419.png
28,31,5,6,23,26,12,Test/01420.png
29,31,5,6,23,25,12,Test/01424.png
68,67,7,6,62,61,12,Test/01446.png
32,32,5,5,27,27,12,Test/01449.png
40,43,5,6,35,37,12,Test/01485.png
60,59,6,5,55,54,12,Test/01488.png
26,26,6,5,21,21,12,Test/01489.png
117,112,11,10,107,103,12,Test/01490.png
42,42,5,5,37,37,12,Test/01528.png
26,27,5,5,21,22,12,Test/01614.png
28,27,6,5,23,22,12,Test/01618.png
39,40,6,6,34,35,12,Test/01623.png
50,53,5,5,45,47,12,Test/01633.png
55,55,6,6,50,50,12,Test/01658.png
40,38,6,5,35,33,12,Test/01668.png
37,40,5,6,32,35,12,Test/01724.png
41,39,6,6,36,34,12,Test/01735.png
34,34,6,5,29,29,12,Test/01747.png
34,34,6,5,29,29,12,Test/01775.png
40,41,5,5,35,36,12,Test/01795.png
45,47,6,6,39,41,12,Test/01810.png
50,53,6,6,45,48,12,Test/01812.png
116,112,10,10,106,103,12,Test/01857.png
29,26,6,5,24,21,12,Test/01873.png
35,35,6,6,30,30,12,Test/01882.png
110,109,10,9,101,100,12,Test/01933.png
47,47,5,5,42,42,12,Test/01965.png
47,45,6,5,42,39,12,Test/01975.png
43,43,6,6,38,38,12,Test/01977.png
33,35,5,6,28,30,12,Test/01997.png
38,38,5,5,33,33,12,Test/02011.png
107,104,9,10,98,95,12,Test/02039.png
52,55,5,5,47,50,12,Test/02058.png
30,31,5,5,24,26,12,Test/02067.png
58,60,5,6,53,55,12,Test/02071.png
74,73,6,7,68,67,12,Test/02097.png
80,74,8,7,73,68,12,Test/02142.png
41,41,5,5,36,35,12,Test/02148.png
58,57,6,6,52,51,12,Test/02179.png
49,49,5,5,44,44,12,Test/02198.png
42,42,6,6,37,37,12,Test/02205.png
34,34,6,5,29,29,12,Test/02221.png
50,50,6,6,45,45,12,Test/02255.png
50,51,5,6,44,45,12,Test/02257.png
28,29,6,6,23,24,12,Test/02258.png
40,41,5,6,35,36,12,Test/02267.png
45,45,6,6,40,40,12,Test/02270.png
47,49,6,5,42,43,12,Test/02275.png
41,40,5,5,36,35,12,Test/02302.png
30,30,6,5,25,25,12,Test/02364.png
45,46,5,5,40,41,12,Test/02379.png
40,40,6,5,35,35,12,Test/02401.png
98,101,8,9,90,93,12,Test/02420.png
50,49,6,5,45,44,12,Test/02431.png
109,109,9,9,100,100,12,Test/02465.png
50,50,5,6,45,45,12,Test/02477.png
44,41,6,5,39,36,12,Test/02478.png
53,55,6,6,48,50,12,Test/02499.png
62,58,5,6,57,53,12,Test/02501.png
34,34,6,5,29,29,12,Test/02516.png
73,76,7,6,67,70,12,Test/02541.png
26,27,5,5,21,22,12,Test/02549.png
36,39,5,6,31,34,12,Test/02579.png
156,155,13,14,143,142,12,Test/02586.png
69,69,6,6,63,63,12,Test/02615.png
27,27,6,5,22,22,12,Test/02640.png
32,32,5,5,26,26,12,Test/02651.png
31,32,5,6,26,27,12,Test/02658.png
43,39,6,5,38,34,12,Test/02659.png
47,43,6,6,42,38,12,Test/02674.png
41,40,5,6,36,35,12,Test/02722.png
42,42,5,5,37,37,12,Test/02729.png
46,47,5,5,41,42,12,Test/02733.png
42,40,6,6,37,35,12,Test/02746.png
41,43,5,6,36,38,12,Test/02770.png
58,59,5,6,53,54,12,Test/02801.png
32,32,5,5,27,26,12,Test/02820.png
31,34,5,6,26,29,12,Test/02823.png
42,42,6,6,37,36,12,Test/02830.png
70,72,7,6,64,66,12,Test/02840.png
36,37,6,6,31,32,12,Test/02866.png
71,72,6,7,65,66,12,Test/02870.png
30,30,5,6,24,25,12,Test/02896.png
40,39,6,5,35,34,12,Test/02899.png
31,31,6,6,26,26,12,Test/02911.png
120,118,10,11,110,108,12,Test/02971.png
70,73,6,7,64,67,12,Test/02982.png
87,87,8,8,80,80,12,Test/02997.png
87,84,8,8,80,77,12,Test/03005.png
48,49,6,5,43,44,12,Test/03020.png
42,45,6,6,36,39,12,Test/03028.png
57,56,6,6,52,51,12,Test/03064.png
53,53,6,6,48,48,12,Test/03066.png
51,51,6,6,46,46,12,Test/03070.png
60,61,5,5,55,56,12,Test/03115.png
81,82,8,7,74,75,12,Test/03164.png
41,41,6,6,36,36,12,Test/03167.png
35,35,6,6,30,30,12,Test/03185.png
63,63,6,5,58,58,12,Test/03191.png
128,123,12,11,117,113,12,Test/03213.png
108,108,9,9,99,99,12,Test/03244.png
36,36,6,6,31,31,12,Test/03261.png
42,43,6,5,37,38,12,Test/03268.png
134,131,12,12,123,120,12,Test/03283.png
33,39,5,5,28,34,12,Test/03284.png
73,75,6,6,67,68,12,Test/03285.png
41,40,6,5,36,34,12,Test/03344.png
74,73,7,6,68,67,12,Test/03354.png
26,28,5,6,21,22,12,Test/03370.png
48,43,5,5,42,38,12,Test/03371.png
33,33,6,5,27,28,12,Test/03377.png
35,35,6,5,30,30,12,Test/03424.png
29,31,5,5,24,25,12,Test/03430.png
64,64,5,6,59,59,12,Test/03443.png
39,39,6,6,34,34,12,Test/03460.png
63,62,6,5,58,57,12,Test/03463.png
36,37,6,6,31,31,12,Test/03477.png
51,51,6,6,46,46,12,Test/03489.png
40,41,5,6,34,36,12,Test/03504.png
37,37,5,6,32,32,12,Test/03507.png
37,39,5,6,31,33,12,Test/03514.png
168,168,14,14,154,154,12,Test/03533.png
79,75,7,6,72,69,12,Test/03557.png
27,27,6,6,22,22,12,Test/03574.png
54,56,5,6,49,50,12,Test/03597.png
82,82,8,8,75,75,12,Test/03606.png
51,48,5,5,46,43,12,Test/03610.png
39,39,5,6,34,34,12,Test/03635.png
33,34,5,6,28,29,12,Test/03648.png
46,45,6,5,41,40,12,Test/03692.png
42,43,5,6,37,38,12,Test/03697.png
44,45,5,6,39,40,12,Test/03698.png
29,29,6,5,24,24,12,Test/03744.png
44,45,5,6,39,40,12,Test/03747.png
111,107,10,9,102,98,12,Test/03748.png
31,32,6,6,26,27,12,Test/03793.png
64,64,6,5,59,59,12,Test/03827.png
140,133,12,11,127,121,12,Test/03842.png
48,48,6,5,43,43,12,Test/03865.png
37,39,6,6,32,34,12,Test/03882.png
42,41,6,5,37,36,12,Test/03884.png
36,37,6,6,31,32,12,Test/03903.png
30,32,5,6,25,26,12,Test/03919.png
60,60,6,6,55,55,12,Test/03920.png
37,37,5,5,32,32,12,Test/03921.png
130,128,11,12,119,117,12,Test/03936.png
139,135,12,11,127,124,12,Test/03945.png
27,27,6,5,22,22,12,Test/03949.png
38,37,6,5,33,32,12,Test/03955.png
30,29,5,5,25,24,12,Test/03974.png
60,62,6,6,55,57,12,Test/03990.png
38,37,6,6,33,32,12,Test/04002.png
36,34,6,5,31,29,12,Test/04019.png
50,51,6,5,44,45,12,Test/04027.png
87,87,7,8,79,79,12,Test/04046.png
42,40,5,6,37,35,12,Test/04059.png
149,146,13,12,137,134,12,Test/04084.png
30,32,5,6,25,27,12,Test/04091.png
38,39,5,6,33,34,12,Test/04101.png
77,79,7,7,71,72,12,Test/04151.png
36,36,5,5,31,31,12,Test/04155.png
46,48,5,6,41,43,12,Test/04172.png
39,38,6,6,33,32,12,Test/04196.png
39,40,5,6,34,35,12,Test/04199.png
37,38,6,6,32,32,12,Test/04201.png
57,51,6,6,52,46,12,Test/04209.png
47,48,6,5,42,42,12,Test/04247.png
48,48,5,5,43,43,12,Test/04255.png
38,38,6,6,33,33,12,Test/04263.png
42,41,5,5,37,36,12,Test/04282.png
67,68,6,7,61,62,12,Test/04318.png
31,33,5,6,26,28,12,Test/04341.png
98,99,8,8,89,90,12,Test/04347.png
39,36,6,5,34,31,12,Test/04355.png
62,60,5,5,57,55,12,Test/04374.png
60,61,6,6,54,55,12,Test/04384.png
38,36,6,5,33,30,12,Test/04412.png
50,51,5,6,45,46,12,Test/04424.png
121,117,11,10,111,107,12,Test/04427.png
34,38,6,5,29,33,12,Test/04441.png
53,54,5,6,48,49,12,Test/04451.png
37,36,6,5,32,31,12,Test/04467.png
47,47,5,5,42,42,12,Test/04474.png
67,69,6,6,61,63,12,Test/04491.png
40,41,5,5,35,36,12,Test/04495.png
36,36,5,5,31,31,12,Test/04508.png
29,29,5,5,23,23,12,Test/04526.png
81,84,7,8,74,77,12,Test/04530.png
87,85,7,8,80,78,12,Test/04533.png
40,42,5,6,35,37,12,Test/04542.png
118,105,11,9,108,96,12,Test/04582.png
45,41,6,5,40,36,12,Test/04594.png
47,48,5,6,42,43,12,Test/04600.png
41,43,5,6,35,38,12,Test/04623.png
49,50,5,5,44,45,12,Test/04626.png
28,32,5,5,23,27,12,Test/04649.png
75,75,6,6,69,69,12,Test/04665.png
70,72,6,6,64,66,12,Test/04682.png
33,32,6,5,28,27,12,Test/04690.png
41,38,6,6,35,33,12,Test/04733.png
29,33,6,6,24,28,12,Test/04746.png
65,55,6,6,60,50,12,Test/04747.png
46,46,5,5,41,41,12,Test/04769.png
56,59,5,5,51,54,12,Test/04844.png
55,56,5,6,50,51,12,Test/04853.png
39,38,5,5,34,33,12,Test/04871.png
48,46,6,6,43,41,12,Test/04907.png
32,30,6,6,26,25,12,Test/04922.png
36,36,5,5,31,31,12,Test/04963.png
27,27,6,5,22,22,12,Test/04983.png
48,44,6,6,43,39,12,Test/04996.png
46,45,5,6,41,40,12,Test/05018.png
32,34,5,5,27,29,12,Test/05035.png
28,28,6,5,22,22,12,Test/05078.png
32,33,5,5,27,27,12,Test/05083.png
43,42,5,6,38,36,12,Test/05102.png
57,58,5,6,52,53,12,Test/05124.png
62,64,6,6,57,59,12,Test/05126.png
41,38,6,6,35,33,12,Test/05141.png
165,163,14,14,151,149,12,Test/05169.png
28,28,6,5,23,23,12,Test/05182.png
38,39,6,6,33,33,12,Test/05204.png
48,49,5,6,43,44,12,Test/05219.png
42,43,6,5,37,38,12,Test/05244.png
71,71,6,7,65,65,12,Test/05253.png
99,100,8,9,91,92,12,Test/05275.png
172,167,15,14,158,153,12,Test/05276.png
58,54,6,5,53,49,12,Test/05285.png
33,34,5,5,28,29,12,Test/05297.png
55,60,5,6,50,54,12,Test/05345.png
37,40,5,6,32,35,12,Test/05376.png
43,42,6,5,38,37,12,Test/05398.png
35,35,5,5,30,30,12,Test/05408.png
57,57,6,6,52,52,12,Test/05415.png
37,39,5,6,31,33,12,Test/05417.png
37,38,6,6,32,33,12,Test/05419.png
52,50,6,5,46,45,12,Test/05431.png
28,32,6,6,23,27,12,Test/05440.png
108,109,9,9,99,100,12,Test/05458.png
37,36,6,6,32,31,12,Test/05487.png
34,34,6,6,28,29,12,Test/05529.png
30,30,6,5,25,25,12,Test/05561.png
42,44,6,6,37,39,12,Test/05567.png
72,73,6,7,66,67,12,Test/05587.png
63,64,5,6,58,59,12,Test/05595.png
35,36,6,6,30,31,12,Test/05621.png
147,144,13,13,135,132,12,Test/05650.png
44,44,6,5,38,38,12,Test/05679.png
55,55,5,5,50,50,12,Test/05692.png
73,70,7,7,67,64,12,Test/05695.png
94,95,8,9,86,87,12,Test/05702.png
152,152,14,14,139,139,12,Test/05713.png
33,33,5,5,28,28,12,Test/05723.png
45,45,6,6,40,40,12,Test/05746.png
50,49,5,5,44,44,12,Test/05762.png
45,44,6,5,40,39,12,Test/05782.png
49,47,5,5,44,42,12,Test/05804.png
75,76,7,6,69,70,12,Test/05821.png
30,32,5,5,25,26,12,Test/05825.png
55,55,6,5,50,50,12,Test/05836.png
43,44,5,6,38,39,12,Test/05862.png
61,60,6,5,56,55,12,Test/05869.png
44,44,5,5,38,38,12,Test/05872.png
29,28,6,6,24,23,12,Test/05925.png
72,72,7,7,66,66,12,Test/05934.png
32,32,6,6,27,27,12,Test/05960.png
48,48,5,5,43,43,12,Test/05998.png
28,30,6,6,23,24,12,Test/06048.png
32,32,5,5,26,26,12,Test/06049.png
57,56,5,5,52,51,12,Test/06052.png
42,42,6,5,37,37,12,Test/06056.png
38,39,6,6,33,34,12,Test/06066.png
37,37,5,5,32,32,12,Test/06094.png
40,41,5,6,35,36,12,Test/06112.png
28,28,5,5,23,23,12,Test/06144.png
84,83,8,7,77,76,12,Test/06148.png
32,33,5,5,27,28,12,Test/06181.png
41,43,5,5,36,38,12,Test/06196.png
74,74,7,7,68,68,12,Test/06201.png
166,164,15,15,152,150,12,Test/06227.png
92,93,8,9,84,85,12,Test/06229.png
85,86,8,7,77,79,12,Test/06271.png
56,60,5,6,51,55,12,Test/06287.png
38,40,5,6,33,35,12,Test/06322.png
50,50,6,5,45,44,12,Test/06330.png
53,51,6,5,48,46,12,Test/06386.png
42,42,5,5,37,37,12,Test/06460.png
31,32,6,6,26,27,12,Test/06514.png
46,42,6,5,41,36,12,Test/06523.png
85,84,7,7,77,77,12,Test/06526.png
50,50,6,6,45,45,12,Test/06548.png
52,48,6,5,46,43,12,Test/06609.png
75,63,7,6,69,58,12,Test/06610.png
98,93,9,9,90,85,12,Test/06621.png
95,95,8,8,87,86,12,Test/06628.png
46,42,6,5,41,37,12,Test/06660.png
41,41,6,6,36,36,12,Test/06661.png
111,111,9,9,102,102,12,Test/06671.png
33,33,5,6,28,28,12,Test/06676.png
29,28,6,5,24,23,12,Test/06710.png
122,117,11,11,112,107,12,Test/06724.png
39,40,6,6,34,34,12,Test/06725.png
54,51,5,6,49,46,12,Test/06735.png
39,40,6,5,34,35,12,Test/06746.png
28,29,6,6,23,24,12,Test/06754.png
33,32,6,5,28,27,12,Test/06775.png
53,51,6,6,48,46,12,Test/06784.png
55,54,6,6,49,49,12,Test/06807.png
29,29,6,5,24,24,12,Test/06830.png
32,39,5,6,27,34,12,Test/06834.png
47,48,5,6,42,43,12,Test/06842.png
105,105,10,9,95,95,12,Test/06856.png
99,99,9,9,91,91,12,Test/06867.png
44,44,5,6,39,39,12,Test/06876.png
118,120,10,11,108,110,12,Test/06885.png
75,75,7,7,69,69,12,Test/06891.png
31,33,6,6,25,27,12,Test/06904.png
34,32,6,5,29,27,12,Test/06909.png
166,164,15,15,152,150,12,Test/06947.png
134,131,11,11,123,120,12,Test/06975.png
87,82,7,7,80,75,12,Test/06978.png
100,86,8,8,92,79,12,Test/07002.png
84,85,7,7,77,78,12,Test/07012.png
53,51,5,6,48,46,12,Test/07036.png
95,94,9,8,87,86,12,Test/07042.png
145,142,12,12,133,130,12,Test/07107.png
41,42,5,6,36,37,12,Test/07117.png
31,32,6,6,26,27,12,Test/07134.png
69,68,6,6,63,62,12,Test/07140.png
65,69,6,7,60,63,12,Test/07150.png
44,43,5,6,39,38,12,Test/07152.png
37,37,6,6,31,32,12,Test/07156.png
41,40,6,5,36,35,12,Test/07172.png
45,43,6,6,40,38,12,Test/07191.png
32,33,5,5,27,27,12,Test/07193.png
45,46,5,5,40,41,12,Test/07237.png
60,60,5,5,55,55,12,Test/07240.png
52,51,6,5,47,46,12,Test/07265.png
34,34,6,6,29,29,12,Test/07273.png
49,50,6,6,44,45,12,Test/07279.png
60,60,6,6,55,55,12,Test/07285.png
89,88,7,7,81,81,12,Test/07298.png
88,87,8,7,81,80,12,Test/07324.png
49,50,5,5,44,45,12,Test/07364.png
68,55,6,6,62,50,12,Test/07376.png
116,111,10,9,106,102,12,Test/07418.png
48,46,5,6,43,41,12,Test/07431.png
45,44,6,5,40,39,12,Test/07443.png
71,71,7,7,65,65,12,Test/07469.png
109,111,9,10,100,102,12,Test/07478.png
86,82,8,7,79,75,12,Test/07539.png
54,58,5,6,49,53,12,Test/07548.png
93,93,9,8,85,85,12,Test/07550.png
48,47,5,6,43,42,12,Test/07552.png
42,41,6,5,37,36,12,Test/07554.png
51,48,6,5,46,42,12,Test/07555.png
52,55,6,5,47,50,12,Test/07572.png
39,40,5,6,33,35,12,Test/07617.png
38,39,6,6,32,33,12,Test/07629.png
70,70,6,7,64,64,12,Test/07638.png
119,115,11,10,109,105,12,Test/07639.png
28,29,6,6,23,24,12,Test/07644.png
67,62,6,5,61,57,12,Test/07654.png
134,131,11,11,123,120,12,Test/07655.png
122,120,10,11,112,110,12,Test/07678.png
59,60,6,5,54,54,12,Test/07689.png
69,68,7,7,63,62,12,Test/07696.png
32,32,6,6,27,27,12,Test/07702.png
27,29,6,6,22,24,12,Test/07716.png
27,28,6,6,22,23,12,Test/07732.png
36,35,5,6,31,30,12,Test/07743.png
146,143,12,12,134,131,12,Test/07766.png
39,40,6,6,34,35,12,Test/07792.png
52,53,5,5,47,48,12,Test/07801.png
45,47,5,6,39,42,12,Test/07805.png
55,50,6,5,50,45,12,Test/07807.png
43,44,5,6,38,39,12,Test/07853.png
54,56,6,6,49,50,12,Test/07857.png
48,45,5,5,43,39,12,Test/07880.png
57,57,5,5,52,52,12,Test/07890.png
42,40,6,6,37,35,12,Test/07891.png
67,71,6,6,61,65,12,Test/07893.png
181,169,16,8,166,154,12,Test/07912.png
36,36,5,5,31,31,12,Test/07913.png
76,77,7,7,70,70,12,Test/07954.png
33,35,5,6,28,30,12,Test/08018.png
46,47,5,6,41,42,12,Test/08020.png
42,42,6,6,36,37,12,Test/08041.png
26,27,5,5,20,22,12,Test/08105.png
55,55,6,6,50,50,12,Test/08111.png
68,69,6,6,62,63,12,Test/08125.png
47,48,5,6,42,43,12,Test/08144.png
62,67,5,6,56,61,12,Test/08146.png
39,38,6,6,34,33,12,Test/08148.png
61,61,5,5,56,55,12,Test/08154.png
38,39,5,6,33,34,12,Test/08169.png
45,48,5,6,40,43,12,Test/08185.png
99,104,8,9,91,94,12,Test/08204.png
83,84,7,8,76,77,12,Test/08216.png
46,46,6,6,41,41,12,Test/08257.png
62,59,6,6,57,54,12,Test/08262.png
30,29,5,5,25,24,12,Test/08276.png
72,63,6,6,66,58,12,Test/08277.png
51,54,6,5,46,48,12,Test/08295.png
54,58,5,6,49,53,12,Test/08306.png
29,31,5,6,24,26,12,Test/08308.png
44,45,5,5,39,40,12,Test/08314.png
36,36,6,6,31,31,12,Test/08325.png
49,49,6,6,44,44,12,Test/08331.png
33,33,6,6,28,28,12,Test/08397.png
29,28,6,5,24,23,12,Test/08402.png
28,27,6,5,23,22,12,Test/08412.png
33,32,6,6,28,27,12,Test/08416.png
40,40,6,5,35,35,12,Test/08430.png
80,84,7,8,73,77,12,Test/08434.png
96,94,9,9,88,86,12,Test/08489.png
54,54,5,5,49,49,12,Test/08535.png
49,46,6,6,44,41,12,Test/08537.png
105,104,10,9,96,95,12,Test/08551.png
120,122,11,10,110,112,12,Test/08558.png
85,87,7,8,78,79,12,Test/08610.png
26,27,5,6,20,22,12,Test/08622.png
131,128,12,12,120,117,12,Test/08631.png
45,42,6,5,40,37,12,Test/08637.png
27,30,5,6,22,25,12,Test/08650.png
58,61,5,5,53,56,12,Test/08662.png
36,37,5,5,31,32,12,Test/08663.png
80,81,7,8,73,74,12,Test/08665.png
29,29,5,6,23,24,12,Test/08669.png
51,50,6,5,46,45,12,Test/08670.png
47,48,6,6,42,43,12,Test/08713.png
63,70,5,7,58,64,12,Test/08715.png
63,64,6,5,58,59,12,Test/08725.png
73,74,6,7,67,67,12,Test/08728.png
28,29,5,6,23,24,12,Test/08783.png
43,41,6,5,38,36,12,Test/08804.png
54,57,6,5,49,51,12,Test/08835.png
41,42,5,6,36,37,12,Test/08868.png
46,48,5,5,41,43,12,Test/08881.png
48,51,5,6,43,46,12,Test/08882.png
159,159,13,13,146,146,12,Test/08911.png
46,46,5,6,41,41,12,Test/08956.png
33,33,6,5,28,28,12,Test/08969.png
43,42,5,5,38,37,12,Test/08975.png
38,38,6,6,33,33,12,Test/08997.png
39,39,6,6,34,34,12,Test/09033.png
38,37,5,6,33,32,12,Test/09061.png
31,32,5,5,26,27,12,Test/09065.png
42,43,6,5,37,38,12,Test/09070.png
41,40,5,5,35,35,12,Test/09090.png
44,43,5,5,39,38,12,Test/09131.png
34,33,6,5,29,28,12,Test/09146.png
41,41,6,6,36,36,12,Test/09153.png
28,29,5,5,22,24,12,Test/09154.png
137,138,12,12,126,126,12,Test/09165.png
45,44,6,5,39,39,12,Test/09191.png
48,49,5,6,43,44,12,Test/09202.png
50,52,5,6,45,47,12,Test/09219.png
122,121,11,10,112,111,12,Test/09232.png
47,49,6,5,42,43,12,Test/09257.png
41,41,5,5,36,36,12,Test/09283.png
58,59,6,6,53,54,12,Test/09313.png
141,135,13,11,129,124,12,Test/09357.png
32,32,6,5,27,26,12,Test/09377.png
133,133,12,12,122,122,12,Test/09395.png
29,32,6,6,24,27,12,Test/09430.png
52,52,5,5,47,47,12,Test/09448.png
42,40,5,5,37,35,12,Test/09449.png
39,38,6,6,34,33,12,Test/09464.png
53,53,6,6,48,48,12,Test/09533.png
97,94,9,9,89,86,12,Test/09558.png
33,37,5,5,28,32,12,Test/09568.png
53,51,5,6,48,46,12,Test/09606.png
35,35,6,5,29,29,12,Test/09613.png
33,35,5,6,28,29,12,Test/09626.png
70,73,7,7,64,67,12,Test/09671.png
43,43,5,5,38,38,12,Test/09712.png
49,45,6,5,44,40,12,Test/09713.png
49,50,6,5,44,45,12,Test/09770.png
52,52,6,5,47,47,12,Test/09775.png
59,59,5,5,53,54,12,Test/09794.png
31,32,6,5,26,26,12,Test/09824.png
81,82,7,7,74,74,12,Test/09869.png
55,56,5,6,50,51,12,Test/09884.png
42,45,5,6,37,40,12,Test/09888.png
36,36,5,5,31,30,12,Test/09930.png
51,52,5,5,46,47,12,Test/09932.png
56,57,5,6,51,51,12,Test/09934.png
44,46,5,6,38,40,12,Test/09952.png
58,57,6,5,53,52,12,Test/09964.png
41,40,6,5,36,35,12,Test/10001.png
30,31,6,6,24,25,12,Test/10006.png
41,40,6,5,36,35,12,Test/10017.png
37,36,5,5,32,31,12,Test/10043.png
60,60,5,6,55,54,12,Test/10080.png
64,55,5,6,59,50,12,Test/10103.png
28,31,5,6,23,25,12,Test/10123.png
30,32,5,5,25,27,12,Test/10130.png
146,148,12,12,134,136,12,Test/10151.png
80,80,7,7,73,73,12,Test/10157.png
48,47,6,5,43,42,12,Test/10183.png
29,30,5,5,24,25,12,Test/10191.png
49,49,5,6,44,44,12,Test/10198.png
31,33,5,5,26,28,12,Test/10234.png
78,81,7,8,71,74,12,Test/10265.png
40,41,5,6,35,35,12,Test/10282.png
124,121,11,11,114,111,12,Test/10291.png
75,70,7,7,69,64,12,Test/10315.png
38,39,6,6,32,33,12,Test/10324.png
46,47,5,6,41,42,12,Test/10355.png
39,41,6,6,34,36,12,Test/10359.png
30,31,5,5,25,26,12,Test/10430.png
63,63,5,5,58,58,12,Test/10457.png
48,46,5,5,43,41,12,Test/10466.png
45,43,6,5,40,38,12,Test/10470.png
34,34,6,5,29,29,12,Test/10491.png
149,146,13,12,137,134,12,Test/10510.png
70,71,6,7,63,64,12,Test/10558.png
63,64,5,6,58,59,12,Test/10601.png
29,32,5,6,24,27,12,Test/10606.png
30,32,5,5,25,27,12,Test/10636.png
46,49,5,6,40,43,12,Test/10649.png
39,38,5,6,33,32,12,Test/10689.png
59,52,6,5,54,47,12,Test/10694.png
96,95,9,9,88,87,12,Test/10696.png
75,72,6,6,68,66,12,Test/10717.png
121,120,10,11,111,110,12,Test/10718.png
37,37,6,6,32,32,12,Test/10719.png
73,72,7,7,66,65,12,Test/10724.png
94,94,9,9,86,86,12,Test/10803.png
35,34,6,5,30,29,12,Test/10812.png
38,38,6,6,33,33,12,Test/10853.png
56,56,6,5,51,51,12,Test/10931.png
40,40,5,5,35,35,12,Test/10969.png
57,59,5,5,52,54,12,Test/10970.png
62,62,5,5,57,57,12,Test/11013.png
51,51,5,5,46,46,12,Test/11040.png
56,57,6,6,51,52,12,Test/11049.png
42,42,5,5,37,37,12,Test/11072.png
32,33,5,6,26,28,12,Test/11087.png
62,61,5,6,57,56,12,Test/11090.png
31,35,5,5,26,30,12,Test/11140.png
39,41,5,5,34,35,12,Test/11175.png
127,122,11,10,116,112,12,Test/11179.png
55,57,6,5,49,52,12,Test/11187.png
33,31,6,5,28,26,12,Test/11193.png
55,54,6,5,50,48,12,Test/11197.png
33,33,5,5,28,28,12,Test/11231.png
61,63,6,5,56,57,12,Test/11277.png
54,54,5,5,49,49,12,Test/11279.png
30,30,6,6,25,25,12,Test/11292.png
26,28,5,6,21,23,12,Test/11320.png
46,47,5,6,41,42,12,Test/11322.png
33,33,5,5,28,28,12,Test/11337.png
36,37,5,5,30,31,12,Test/11349.png
38,38,5,6,33,33,12,Test/11360.png
30,31,6,6,25,26,12,Test/11371.png
60,55,5,6,55,50,12,Test/11379.png
97,95,9,8,89,87,12,Test/11386.png
144,142,12,13,132,130,12,Test/11406.png
35,34,5,5,29,28,12,Test/11457.png
28,29,5,6,23,24,12,Test/11459.png
57,58,6,6,52,53,12,Test/11466.png
43,43,5,5,38,38,12,Test/11492.png
31,32,5,5,26,27,12,Test/11493.png
42,43,5,6,37,38,12,Test/11499.png
42,41,6,6,36,35,12,Test/11540.png
30,30,6,5,25,25,12,Test/11543.png
44,43,6,5,38,38,12,Test/11558.png
54,50,6,5,49,45,12,Test/11624.png
59,58,6,5,53,53,12,Test/11681.png
55,53,6,6,49,48,12,Test/11729.png
62,63,5,5,57,58,12,Test/11748.png
28,29,5,5,23,24,12,Test/11756.png
28,29,5,5,23,24,12,Test/11769.png
57,59,5,5,52,53,12,Test/11787.png
26,26,5,5,21,21,12,Test/11831.png
46,48,5,6,41,43,12,Test/11852.png
69,69,7,7,63,63,12,Test/11862.png
41,40,6,5,35,34,12,Test/11898.png
56,55,6,5,51,50,12,Test/11899.png
71,61,7,6,65,56,12,Test/11916.png
62,57,5,5,57,52,12,Test/11919.png
29,27,6,5,24,22,12,Test/12014.png
51,46,6,5,46,41,12,Test/12023.png
55,55,6,6,50,50,12,Test/12028.png
44,46,6,6,39,41,12,Test/12044.png
111,109,9,10,102,100,12,Test/12054.png
108,108,9,10,99,99,12,Test/12074.png
70,71,6,6,64,65,12,Test/12083.png
112,112,10,10,102,102,12,Test/12118.png
75,80,6,8,69,73,12,Test/12119.png
128,128,12,12,117,117,12,Test/12207.png
53,54,6,6,48,49,12,Test/12214.png
49,52,5,5,43,47,12,Test/12233.png
30,34,5,5,25,29,12,Test/12245.png
29,32,5,6,23,26,12,Test/12282.png
51,54,5,6,46,49,12,Test/12298.png
61,62,5,6,56,57,12,Test/12324.png
37,36,6,5,32,31,12,Test/12347.png
44,45,5,6,39,40,12,Test/12356.png
47,48,5,6,41,42,12,Test/12379.png
33,36,5,6,28,30,12,Test/12381.png
33,31,6,5,28,26,12,Test/12398.png
143,140,13,13,131,128,12,Test/12444.png
33,35,5,6,28,30,12,Test/12461.png
47,47,6,6,42,42,12,Test/12509.png
69,70,6,7,63,64,12,Test/12555.png
43,45,5,6,38,40,12,Test/12594.png
35,35,6,5,29,30,12,Test/12622.png
42,41,5,6,37,36,12,Test/12625.png
100,97,8,8,92,88,14,Test/00093.png
62,62,6,6,56,57,14,Test/00111.png
36,35,6,5,31,30,14,Test/00132.png
38,37,6,5,32,32,14,Test/00167.png
115,117,10,10,105,107,14,Test/00224.png
168,163,14,14,154,149,14,Test/00251.png
166,157,15,14,151,144,14,Test/00261.png
158,154,13,14,145,141,14,Test/00303.png
53,55,5,6,47,50,14,Test/00353.png
59,62,5,5,54,57,14,Test/00411.png
48,48,6,6,43,43,14,Test/00417.png
55,54,6,6,49,49,14,Test/00456.png
82,87,7,8,74,80,14,Test/00468.png
45,56,5,6,39,51,14,Test/00489.png
35,42,5,6,30,37,14,Test/00523.png
41,49,5,6,36,44,14,Test/00621.png
61,62,5,6,56,57,14,Test/00666.png
37,38,6,6,32,33,14,Test/00681.png
89,96,8,8,82,88,14,Test/00686.png
42,43,5,6,37,38,14,Test/00726.png
54,56,6,6,49,51,14,Test/00732.png
33,34,5,6,28,29,14,Test/00821.png
65,70,6,7,60,64,14,Test/00963.png
111,111,9,10,101,101,14,Test/01020.png
52,52,6,5,47,47,14,Test/01074.png
76,82,7,8,70,75,14,Test/01145.png
54,53,5,5,48,47,14,Test/01196.png
33,56,6,5,28,51,14,Test/01199.png
57,55,6,6,51,50,14,Test/01223.png
51,52,5,5,46,46,14,Test/01239.png
78,76,7,7,71,70,14,Test/01269.png
30,44,6,6,24,39,14,Test/01277.png
38,40,5,6,33,35,14,Test/01282.png
83,94,7,9,75,85,14,Test/01292.png
141,145,12,12,129,133,14,Test/01302.png
31,31,6,5,26,25,14,Test/01324.png
38,41,5,6,33,36,14,Test/01423.png
50,50,5,5,44,45,14,Test/01425.png
68,70,6,6,62,64,14,Test/01533.png
106,106,9,10,96,96,14,Test/01588.png
49,51,5,6,44,45,14,Test/01659.png
60,62,6,6,55,57,14,Test/01766.png
109,108,9,10,99,99,14,Test/01796.png
47,47,5,6,41,42,14,Test/01826.png
38,45,6,6,32,39,14,Test/01848.png
58,57,6,5,53,51,14,Test/01874.png
39,45,5,5,34,40,14,Test/02034.png
50,51,5,5,45,46,14,Test/02060.png
124,129,11,12,113,118,14,Test/02177.png
56,64,5,5,50,59,14,Test/02186.png
37,37,6,5,31,31,14,Test/02206.png
76,75,7,7,70,69,14,Test/02230.png
41,48,5,5,36,43,14,Test/02237.png
34,34,5,5,29,29,14,Test/02291.png
37,37,5,6,32,32,14,Test/02329.png
38,46,6,6,32,40,14,Test/02438.png
57,59,5,6,52,54,14,Test/02569.png
30,30,6,6,25,25,14,Test/02581.png
52,52,6,5,47,47,14,Test/02591.png
141,136,12,11,129,125,14,Test/02774.png
29,47,6,6,24,42,14,Test/02828.png
60,62,5,5,55,56,14,Test/02872.png
39,39,6,6,34,34,14,Test/02909.png
54,63,5,6,48,58,14,Test/02960.png
97,106,9,10,89,96,14,Test/02992.png
72,76,7,7,66,70,14,Test/03094.png
116,122,10,10,106,112,14,Test/03127.png
109,112,9,9,100,103,14,Test/03131.png
51,51,5,5,45,46,14,Test/03134.png
43,52,5,5,38,47,14,Test/03154.png
34,80,5,8,29,73,14,Test/03286.png
37,35,6,5,32,30,14,Test/03307.png
143,143,13,12,130,130,14,Test/03325.png
129,130,11,12,118,118,14,Test/03403.png
112,108,9,9,102,99,14,Test/03412.png
38,37,6,6,32,32,14,Test/03449.png
94,88,9,7,86,81,14,Test/03508.png
49,51,5,6,44,46,14,Test/03546.png
48,48,5,5,43,43,14,Test/03550.png
45,44,6,5,40,39,14,Test/03594.png
48,48,5,5,43,43,14,Test/03601.png
40,46,5,5,35,41,14,Test/03647.png
51,50,6,6,45,45,14,Test/03651.png
34,82,5,8,28,75,14,Test/03664.png
39,38,5,5,34,33,14,Test/03667.png
46,47,5,6,41,42,14,Test/03668.png
85,85,8,8,78,78,14,Test/03674.png
64,63,5,6,58,57,14,Test/03708.png
98,98,8,9,90,90,14,Test/03809.png
118,117,11,10,108,107,14,Test/03825.png
42,43,5,5,37,38,14,Test/03891.png
43,42,6,5,37,37,14,Test/04110.png
33,55,6,6,28,50,14,Test/04118.png
54,56,5,6,49,50,14,Test/04126.png
56,57,6,6,51,52,14,Test/04148.png
79,87,7,8,72,80,14,Test/04165.png
68,76,7,7,62,70,14,Test/04169.png
52,60,6,6,47,55,14,Test/04188.png
71,69,7,6,65,63,14,Test/04210.png
70,68,7,6,63,62,14,Test/04243.png
116,112,10,9,105,103,14,Test/04254.png
42,43,5,6,37,38,14,Test/04343.png
33,84,5,8,28,77,14,Test/04466.png
40,43,5,6,35,38,14,Test/04548.png
44,43,6,5,39,38,14,Test/04719.png
50,49,6,5,45,44,14,Test/04737.png
45,44,6,6,39,39,14,Test/04757.png
52,53,5,6,46,47,14,Test/04859.png
48,49,6,6,43,44,14,Test/04875.png
72,72,6,7,65,66,14,Test/04913.png
31,54,5,5,26,49,14,Test/04943.png
123,123,10,10,113,113,14,Test/04964.png
50,51,5,5,45,46,14,Test/05001.png
81,80,8,7,74,73,14,Test/05051.png
73,74,7,7,66,67,14,Test/05054.png
68,68,6,6,62,62,14,Test/05080.png
62,64,6,5,57,59,14,Test/05112.png
33,58,5,5,27,52,14,Test/05115.png
55,57,6,6,50,52,14,Test/05142.png
35,34,6,5,30,29,14,Test/05190.png
50,52,6,6,45,46,14,Test/05213.png
133,132,11,11,122,121,14,Test/05232.png
46,44,6,5,40,39,14,Test/05311.png
51,52,6,6,46,47,14,Test/05367.png
121,121,10,11,110,110,14,Test/05388.png
75,76,6,7,69,70,14,Test/05407.png
63,64,5,5,58,59,14,Test/05424.png
44,44,6,6,38,39,14,Test/05535.png
35,76,6,7,30,70,14,Test/05543.png
42,42,5,5,37,37,14,Test/05632.png
113,112,10,9,104,102,14,Test/05653.png
28,46,5,5,23,41,14,Test/05678.png
48,48,6,6,43,43,14,Test/05783.png
131,131,12,11,120,120,14,Test/05826.png
39,39,6,6,34,34,14,Test/05880.png
123,120,11,11,113,110,14,Test/05899.png
63,63,5,5,57,58,14,Test/05979.png
176,170,16,15,161,155,14,Test/06171.png
85,85,7,8,78,78,14,Test/06203.png
52,51,6,5,47,45,14,Test/06235.png
34,72,6,7,29,66,14,Test/06342.png
45,46,6,6,40,40,14,Test/06358.png
117,117,11,11,107,106,14,Test/06368.png
36,35,6,5,31,30,14,Test/06459.png
50,51,5,6,44,45,14,Test/06522.png
53,55,6,6,48,49,14,Test/06564.png
90,98,8,9,82,90,14,Test/06719.png
44,46,5,6,39,41,14,Test/06779.png
69,71,6,7,63,65,14,Test/06785.png
110,110,9,10,100,100,14,Test/06796.png
104,108,10,9,95,99,14,Test/06879.png
64,68,5,7,59,62,14,Test/06979.png
39,45,5,5,33,40,14,Test/06985.png
58,57,6,5,52,52,14,Test/07062.png
184,177,16,15,169,162,14,Test/07180.png
40,41,5,5,35,36,14,Test/07215.png
47,55,6,6,41,50,14,Test/07274.png
39,39,6,6,34,34,14,Test/07294.png
57,57,6,6,52,52,14,Test/07310.png
36,36,6,6,31,31,14,Test/07366.png
44,45,6,6,39,40,14,Test/07385.png
58,60,6,6,53,54,14,Test/07457.png
49,50,5,6,43,45,14,Test/07458.png
56,57,5,5,51,52,14,Test/07465.png
34,70,6,7,29,64,14,Test/07490.png
132,137,11,12,121,126,14,Test/07529.png
58,59,5,5,53,54,14,Test/07534.png
57,69,5,6,52,63,14,Test/07825.png
54,54,5,5,48,49,14,Test/07874.png
157,163,14,14,144,149,14,Test/07888.png
41,41,6,6,36,36,14,Test/07922.png
30,46,6,5,25,40,14,Test/07961.png
51,51,6,6,46,46,14,Test/08143.png
63,72,6,6,57,66,14,Test/08269.png
52,52,6,5,47,47,14,Test/08290.png
62,61,5,5,57,56,14,Test/08448.png
29,48,5,6,23,42,14,Test/08475.png
31,54,5,6,26,48,14,Test/08476.png
39,39,5,6,34,34,14,Test/08477.png
94,95,8,9,86,86,14,Test/08548.png
58,58,6,5,53,53,14,Test/08573.png
50,52,6,6,45,47,14,Test/08586.png
60,60,6,5,55,55,14,Test/08607.png
57,58,5,5,52,53,14,Test/08628.png
51,53,5,5,46,47,14,Test/08672.png
58,59,6,6,53,53,14,Test/08845.png
101,100,8,8,92,91,14,Test/08877.png
50,59,5,6,45,54,14,Test/08884.png
156,156,13,13,143,142,14,Test/08965.png
53,53,5,5,48,48,14,Test/08994.png
27,39,6,6,22,34,14,Test/09003.png
125,125,11,11,115,114,14,Test/09005.png
35,74,6,7,30,68,14,Test/09145.png
46,49,5,6,41,44,14,Test/09264.png
68,68,7,7,62,62,14,Test/09316.png
51,53,5,5,46,47,14,Test/09344.png
130,142,12,12,118,129,14,Test/09360.png
54,56,5,6,49,51,14,Test/09375.png
42,43,6,6,37,38,14,Test/09384.png
42,49,5,5,36,44,14,Test/09532.png
45,53,6,5,39,48,14,Test/09567.png
54,55,5,6,49,50,14,Test/09575.png
146,142,13,13,134,130,14,Test/09585.png
48,57,5,6,43,52,14,Test/09629.png
59,61,6,6,54,56,14,Test/09642.png
39,38,6,5,33,32,14,Test/09643.png
47,48,5,6,42,43,14,Test/09664.png
49,48,6,5,43,43,14,Test/09678.png
52,53,5,5,47,48,14,Test/09742.png
30,50,5,5,25,45,14,Test/09802.png
188,181,17,16,172,166,14,Test/09839.png
40,39,5,5,34,34,14,Test/09867.png
32,33,5,6,27,28,14,Test/09894.png
105,113,10,10,96,103,14,Test/09923.png
45,45,5,5,40,40,14,Test/09969.png
37,45,5,6,32,40,14,Test/10038.png
154,147,14,12,141,135,14,Test/10101.png
42,40,6,5,37,35,14,Test/10170.png
42,41,6,5,37,36,14,Test/10215.png
41,41,5,5,36,36,14,Test/10225.png
32,52,6,5,27,47,14,Test/10309.png
28,42,5,6,23,37,14,Test/10360.png
45,46,6,6,39,41,14,Test/10370.png
110,118,10,11,101,108,14,Test/10432.png
61,63,5,6,56,58,14,Test/10435.png
32,31,6,5,27,26,14,Test/10487.png
49,48,6,5,44,43,14,Test/10539.png
31,48,6,6,26,43,14,Test/10621.png
57,58,5,5,52,53,14,Test/10637.png
46,45,6,5,40,39,14,Test/10660.png
30,50,5,6,24,44,14,Test/10668.png
82,80,8,7,75,73,14,Test/10748.png
32,52,6,5,27,47,14,Test/10786.png
32,31,6,5,27,26,14,Test/10907.png
49,51,5,6,44,45,14,Test/10954.png
113,123,10,10,103,112,14,Test/10973.png
118,117,10,10,108,107,14,Test/10976.png
46,47,5,6,41,42,14,Test/11011.png
35,34,5,6,30,29,14,Test/11024.png
47,49,5,6,42,44,14,Test/11093.png
88,90,7,8,80,82,14,Test/11190.png
95,97,9,9,87,89,14,Test/11211.png
61,59,6,5,56,53,14,Test/11220.png
36,38,5,6,31,33,14,Test/11305.png
31,52,5,6,25,47,14,Test/11315.png
35,86,6,7,29,78,14,Test/11381.png
89,89,8,8,82,81,14,Test/11440.png
44,46,5,5,39,41,14,Test/11456.png
104,105,10,9,95,96,14,Test/11477.png
73,82,7,8,66,75,14,Test/11561.png
31,52,5,5,26,47,14,Test/11592.png
58,57,6,5,52,52,14,Test/11614.png
56,56,6,5,50,50,14,Test/11651.png
121,120,11,11,110,109,14,Test/11653.png
72,72,7,6,66,66,14,Test/11664.png
30,48,6,6,24,43,14,Test/11677.png
45,47,5,6,40,42,14,Test/11707.png
32,54,6,5,27,49,14,Test/11747.png
179,172,16,15,164,158,14,Test/11892.png
39,38,6,5,34,33,14,Test/11906.png
38,38,6,6,33,33,14,Test/11954.png
34,35,6,6,29,29,14,Test/12013.png
84,82,7,7,77,75,14,Test/12017.png
50,51,6,6,45,46,14,Test/12176.png
30,31,5,6,25,26,14,Test/12201.png
39,39,5,6,33,33,14,Test/12242.png
59,59,6,5,54,54,14,Test/12313.png
42,41,5,5,37,36,14,Test/12460.png
39,39,5,5,34,34,14,Test/12505.png
29,46,6,5,24,41,14,Test/12533.png
29,34,5,6,24,29,17,Test/00031.png
33,34,6,6,28,29,17,Test/00035.png
26,28,5,5,21,23,17,Test/00119.png
35,38,5,6,30,33,17,Test/00144.png
35,41,5,6,30,36,17,Test/00154.png
29,55,6,6,23,50,17,Test/00169.png
33,40,5,5,28,35,17,Test/00200.png
27,32,5,6,22,26,17,Test/00204.png
40,40,6,6,35,35,17,Test/00288.png
31,31,6,5,26,26,17,Test/00318.png
40,49,5,5,35,44,17,Test/00350.png
40,43,5,6,35,38,17,Test/00388.png
80,82,8,8,73,75,17,Test/00441.png
29,30,6,5,24,25,17,Test/00463.png
26,28,5,5,21,23,17,Test/00490.png
31,35,5,6,26,30,17,Test/00560.png
31,33,6,6,26,28,17,Test/00580.png
69,72,6,7,63,66,17,Test/00593.png
36,36,6,5,30,31,17,Test/00629.png
29,29,6,5,24,24,17,Test/00638.png
33,36,6,6,28,31,17,Test/00642.png
29,31,5,6,24,26,17,Test/00651.png
37,39,5,6,32,34,17,Test/00688.png
32,39,5,6,27,33,17,Test/00743.png
25,41,5,6,20,36,17,Test/00745.png
29,32,6,5,24,27,17,Test/00808.png
28,29,6,5,22,23,17,Test/00814.png
34,40,6,5,29,35,17,Test/00893.png
31,64,5,6,26,59,17,Test/00929.png
43,51,5,6,38,46,17,Test/01000.png
31,33,5,5,26,28,17,Test/01048.png
26,29,5,5,21,23,17,Test/01136.png
29,33,5,5,24,28,17,Test/01163.png
34,39,5,5,29,34,17,Test/01181.png
27,53,6,5,22,48,17,Test/01221.png
26,29,5,5,21,24,17,Test/01224.png
32,37,5,6,26,32,17,Test/01253.png
33,36,6,6,28,31,17,Test/01295.png
30,33,6,5,25,28,17,Test/01329.png
37,42,6,5,32,37,17,Test/01407.png
35,35,6,6,30,30,17,Test/01428.png
31,34,5,5,26,29,17,Test/01432.png
31,36,5,6,25,31,17,Test/01509.png
27,28,6,5,22,23,17,Test/01522.png
29,31,6,6,24,26,17,Test/01570.png
34,34,5,5,29,29,17,Test/01586.png
27,28,5,5,22,23,17,Test/01592.png
29,31,5,6,24,26,17,Test/01651.png
30,46,6,5,25,41,17,Test/01662.png
33,39,5,5,28,33,17,Test/01670.png
26,29,5,6,21,24,17,Test/01682.png
35,35,5,6,29,30,17,Test/01693.png
31,31,6,5,26,26,17,Test/01696.png
29,31,6,6,24,26,17,Test/01738.png
28,43,6,6,23,38,17,Test/01762.png
29,30,6,6,24,25,17,Test/01838.png
41,44,5,6,36,39,17,Test/01895.png
31,48,6,5,25,42,17,Test/01935.png
35,37,5,5,30,32,17,Test/01948.png
31,32,5,6,25,27,17,Test/01962.png
33,35,5,6,28,29,17,Test/01981.png
34,34,5,6,28,29,17,Test/02006.png
27,30,5,5,22,24,17,Test/02019.png
27,28,5,5,21,22,17,Test/02079.png
29,32,5,6,24,27,17,Test/02111.png
32,36,5,6,27,31,17,Test/02141.png
27,31,6,6,22,26,17,Test/02176.png
36,37,5,5,31,32,17,Test/02183.png
32,34,6,5,27,29,17,Test/02225.png
26,26,5,5,20,21,17,Test/02229.png
56,103,6,9,51,94,17,Test/02287.png
35,36,6,6,30,31,17,Test/02303.png
29,30,6,6,24,25,17,Test/02304.png
27,52,6,6,22,47,17,Test/02334.png
33,40,5,5,28,35,17,Test/02377.png
29,30,6,5,24,25,17,Test/02393.png
32,39,6,6,27,34,17,Test/02443.png
31,48,5,5,26,43,17,Test/02483.png
27,29,6,6,22,24,17,Test/02518.png
27,31,6,6,22,26,17,Test/02545.png
34,50,5,6,29,45,17,Test/02547.png
33,33,5,5,27,27,17,Test/02588.png
28,35,5,6,23,30,17,Test/02596.png
32,35,6,6,27,30,17,Test/02598.png
28,30,6,6,23,25,17,Test/02720.png
33,36,6,6,27,31,17,Test/02769.png
32,32,6,5,27,27,17,Test/02825.png
34,50,5,6,28,44,17,Test/02833.png
35,38,5,5,30,33,17,Test/02875.png
26,28,6,6,21,23,17,Test/02907.png
40,40,6,6,35,35,17,Test/02915.png
39,43,5,5,34,38,17,Test/02942.png
26,29,5,6,21,24,17,Test/02949.png
35,37,6,6,30,32,17,Test/02963.png
28,28,6,5,22,23,17,Test/02969.png
33,36,6,6,28,31,17,Test/02984.png
31,32,5,6,26,27,17,Test/02994.png
39,41,5,5,34,36,17,Test/03029.png
32,32,6,5,27,27,17,Test/03065.png
30,35,5,6,25,29,17,Test/03079.png
31,34,6,6,26,29,17,Test/03116.png
28,30,5,5,23,25,17,Test/03165.png
30,34,5,6,25,29,17,Test/03176.png
35,37,5,6,30,32,17,Test/03183.png
30,30,6,5,25,25,17,Test/03279.png
27,33,5,6,22,28,17,Test/03317.png
26,52,5,6,21,47,17,Test/03482.png
35,35,6,6,30,30,17,Test/03532.png
33,33,6,5,28,28,17,Test/03539.png
26,28,5,5,21,23,17,Test/03560.png
39,44,6,5,34,39,17,Test/03583.png
29,45,6,6,24,40,17,Test/03590.png
31,34,5,6,26,29,17,Test/03640.png
27,29,6,6,22,24,17,Test/03644.png
29,29,6,5,24,24,17,Test/03652.png
45,82,6,8,40,75,17,Test/03679.png
37,71,6,6,32,65,17,Test/03710.png
32,34,5,6,27,29,17,Test/03712.png
28,33,5,5,23,27,17,Test/03736.png
27,28,6,5,22,23,17,Test/03823.png
27,42,6,5,22,37,17,Test/03824.png
31,35,5,6,26,30,17,Test/03881.png
26,29,5,6,20,23,17,Test/03907.png
36,38,5,6,31,33,17,Test/03951.png
33,35,6,5,28,30,17,Test/03972.png
27,44,6,5,22,38,17,Test/03986.png
51,95,5,8,46,87,17,Test/04042.png
28,28,6,6,23,23,17,Test/04047.png
37,37,5,5,31,32,17,Test/04064.png
31,35,5,5,26,30,17,Test/04103.png
32,49,6,6,27,44,17,Test/04111.png
36,39,5,5,31,34,17,Test/04154.png
26,28,5,5,21,23,17,Test/04175.png
26,29,5,6,21,24,17,Test/04211.png
31,32,6,6,26,27,17,Test/04212.png
27,29,5,5,22,24,17,Test/04214.png
27,28,6,5,22,23,17,Test/04269.png
26,29,5,6,21,24,17,Test/04279.png
38,38,6,6,32,33,17,Test/04287.png
28,54,6,6,23,49,17,Test/04391.png
30,33,5,5,25,28,17,Test/04394.png
33,35,5,5,28,30,17,Test/04416.png
27,32,5,6,22,27,17,Test/04448.png
30,32,5,6,25,27,17,Test/04450.png
32,36,6,6,27,31,17,Test/04468.png
27,28,5,5,22,23,17,Test/04473.png
29,33,5,5,24,28,17,Test/04507.png
33,34,5,5,28,28,17,Test/04583.png
27,33,6,6,22,28,17,Test/04750.png
31,33,6,5,26,28,17,Test/04751.png
27,29,6,6,22,24,17,Test/04767.png
33,34,6,6,28,29,17,Test/04797.png
36,36,5,6,30,31,17,Test/04804.png
38,45,5,5,33,40,17,Test/04809.png
29,32,5,6,24,26,17,Test/04829.png
33,35,6,5,28,29,17,Test/04911.png
28,30,6,6,23,25,17,Test/04916.png
33,37,5,6,27,32,17,Test/04957.png
31,33,6,6,26,28,17,Test/05017.png
26,27,5,6,21,22,17,Test/05045.png
26,52,5,6,21,47,17,Test/05131.png
31,35,5,5,26,30,17,Test/05166.png
26,28,6,6,21,23,17,Test/05193.png
27,29,6,6,22,24,17,Test/05217.png
31,49,5,6,26,44,17,Test/05284.png
31,34,6,5,25,28,17,Test/05304.png
26,43,5,5,21,38,17,Test/05357.png
30,62,5,6,25,57,17,Test/05389.png
38,37,6,5,33,32,17,Test/05500.png
27,27,5,5,22,22,17,Test/05517.png
33,32,6,5,27,27,17,Test/05532.png
28,27,5,5,22,22,17,Test/05549.png
32,34,5,6,27,29,17,Test/05584.png
28,29,6,6,23,24,17,Test/05605.png
26,29,5,6,21,24,17,Test/05607.png
36,35,6,5,31,30,17,Test/05615.png
30,46,6,5,25,41,17,Test/05635.png
33,35,5,5,28,30,17,Test/05656.png
35,69,6,7,30,63,17,Test/05682.png
35,36,6,6,30,31,17,Test/05694.png
39,41,6,5,34,36,17,Test/05706.png
34,36,5,6,29,31,17,Test/05931.png
27,28,5,5,22,23,17,Test/05986.png
29,30,6,5,24,25,17,Test/05990.png
29,30,6,6,24,25,17,Test/06084.png
26,30,5,5,21,25,17,Test/06123.png
43,43,5,6,38,38,17,Test/06133.png
26,29,5,6,21,24,17,Test/06138.png
33,33,6,5,28,28,17,Test/06154.png
29,34,6,6,24,28,17,Test/06186.png
48,87,6,8,43,80,17,Test/06188.png
39,45,6,5,34,40,17,Test/06198.png
41,47,6,6,36,42,17,Test/06251.png
38,40,5,5,33,35,17,Test/06317.png
59,110,5,9,54,100,17,Test/06355.png
43,80,5,8,38,73,17,Test/06371.png
28,30,5,5,23,25,17,Test/06406.png
29,59,5,6,24,54,17,Test/06426.png
27,42,6,5,22,37,17,Test/06447.png
30,60,6,6,25,55,17,Test/06479.png
31,34,5,6,26,29,17,Test/06507.png
28,31,5,6,23,26,17,Test/06542.png
30,35,5,6,24,29,17,Test/06561.png
35,38,5,5,30,33,17,Test/06589.png
26,26,5,5,20,21,17,Test/06694.png
31,63,6,6,26,57,17,Test/06714.png
32,37,5,5,27,32,17,Test/06801.png
26,30,6,5,21,24,17,Test/06818.png
26,27,5,6,21,22,17,Test/06843.png
29,46,5,5,24,41,17,Test/06848.png
44,48,6,6,39,43,17,Test/06861.png
32,34,6,6,27,29,17,Test/06865.png
33,48,5,6,28,43,17,Test/06870.png
28,44,6,5,23,39,17,Test/06922.png
27,32,5,6,22,27,17,Test/06952.png
27,31,6,6,22,25,17,Test/06960.png
36,34,6,5,30,29,17,Test/06987.png
28,31,6,5,23,26,17,Test/07007.png
38,39,5,5,32,34,17,Test/07026.png
40,49,5,5,35,44,17,Test/07116.png
34,37,5,6,29,32,17,Test/07126.png
29,30,6,6,24,25,17,Test/07158.png
31,34,6,6,26,29,17,Test/07170.png
29,33,5,5,24,28,17,Test/07177.png
32,36,6,6,27,31,17,Test/07192.png
40,39,5,5,35,34,17,Test/07206.png
61,70,5,7,56,64,17,Test/07313.png
27,28,6,5,22,23,17,Test/07396.png
31,33,6,5,26,28,17,Test/07409.png
30,34,6,6,25,29,17,Test/07416.png
32,34,6,6,27,29,17,Test/07432.png
37,37,6,5,32,32,17,Test/07542.png
38,39,6,5,32,34,17,Test/07562.png
26,43,5,6,21,38,17,Test/07603.png
26,42,5,6,21,37,17,Test/07658.png
26,29,5,6,21,24,17,Test/07674.png
36,40,5,6,31,35,17,Test/07781.png
28,31,5,6,22,25,17,Test/07789.png
32,33,5,5,27,28,17,Test/07882.png
27,29,5,6,22,23,17,Test/07883.png
57,64,6,5,52,59,17,Test/07900.png
32,32,6,6,27,27,17,Test/08029.png
36,37,5,6,31,32,17,Test/08064.png
46,84,6,8,41,77,17,Test/08092.png
29,29,6,6,24,24,17,Test/08112.png
27,29,6,6,22,24,17,Test/08119.png
30,31,5,5,25,26,17,Test/08225.png
27,41,6,6,22,36,17,Test/08238.png
30,30,6,5,25,25,17,Test/08346.png
54,100,6,9,49,92,17,Test/08419.png
36,36,5,5,30,31,17,Test/08433.png
27,30,6,5,22,25,17,Test/08512.png
26,29,5,6,21,24,17,Test/08514.png
30,30,6,5,25,25,17,Test/08571.png
34,40,6,5,29,35,17,Test/08572.png
26,29,5,6,21,24,17,Test/08604.png
38,39,5,6,32,34,17,Test/08635.png
34,41,5,6,29,36,17,Test/08666.png
30,31,6,5,25,26,17,Test/08667.png
31,49,5,6,25,44,17,Test/08710.png
36,36,6,6,31,31,17,Test/08719.png
30,36,5,5,25,31,17,Test/08743.png
31,32,6,6,25,26,17,Test/08801.png
30,30,6,5,25,25,17,Test/08827.png
29,33,6,5,24,28,17,Test/08854.png
31,35,6,6,26,30,17,Test/08922.png
48,88,5,8,43,81,17,Test/08996.png
28,30,5,5,23,25,17,Test/09125.png
27,28,5,5,22,23,17,Test/09180.png
30,33,5,5,25,28,17,Test/09227.png
35,41,5,6,30,36,17,Test/09318.png
42,51,5,5,37,46,17,Test/09342.png
26,52,5,5,21,46,17,Test/09441.png
27,29,6,6,22,24,17,Test/09476.png
30,32,5,5,25,27,17,Test/09501.png
38,38,5,5,33,33,17,Test/09520.png
32,34,6,6,27,29,17,Test/09588.png
40,46,6,5,34,40,17,Test/09607.png
49,91,5,8,43,83,17,Test/09674.png
34,33,6,5,29,28,17,Test/09833.png
27,29,6,6,22,24,17,Test/09837.png
29,31,6,5,24,25,17,Test/09857.png
30,58,6,6,25,53,17,Test/09878.png
29,47,5,6,24,42,17,Test/09935.png
35,35,6,6,30,30,17,Test/09970.png
27,29,6,6,22,24,17,Test/09993.png
47,84,6,7,41,77,17,Test/10042.png
29,31,5,5,24,26,17,Test/10102.png
26,29,5,6,21,24,17,Test/10149.png
29,34,5,6,24,29,17,Test/10154.png
42,45,6,6,37,40,17,Test/10159.png
34,39,5,5,29,34,17,Test/10160.png
29,30,6,5,24,25,17,Test/10213.png
31,35,5,6,26,30,17,Test/10240.png
26,28,5,5,21,23,17,Test/10256.png
28,45,6,5,23,40,17,Test/10362.png
26,30,5,5,20,24,17,Test/10371.png
32,32,6,5,26,27,17,Test/10375.png
31,34,5,5,26,29,17,Test/10391.png
31,33,6,6,26,28,17,Test/10392.png
29,44,6,5,24,38,17,Test/10410.png
31,33,6,6,26,28,17,Test/10544.png
33,41,5,6,28,36,17,Test/10581.png
30,30,6,5,25,25,17,Test/10602.png
30,30,6,5,25,25,17,Test/10614.png
27,31,5,6,22,26,17,Test/10622.png
43,42,6,6,38,37,17,Test/10632.png
36,38,6,5,31,33,17,Test/10643.png
29,29,6,5,24,24,17,Test/10756.png
27,32,6,6,22,26,17,Test/10821.png
34,38,6,6,29,33,17,Test/10847.png
27,29,6,6,22,24,17,Test/10894.png
26,27,5,6,21,22,17,Test/10903.png
33,48,5,5,27,42,17,Test/10905.png
43,82,5,8,38,75,17,Test/10924.png
46,53,6,5,41,48,17,Test/10950.png
29,31,5,6,23,26,17,Test/10952.png
30,46,6,6,24,41,17,Test/10977.png
28,43,6,5,22,37,17,Test/10989.png
64,121,5,10,59,111,17,Test/10996.png
35,35,6,6,30,30,17,Test/11008.png
39,47,5,5,34,42,17,Test/11025.png
31,32,6,6,25,27,17,Test/11083.png
49,58,6,6,44,53,17,Test/11139.png
34,35,5,5,29,30,17,Test/11149.png
31,48,5,5,26,43,17,Test/11152.png
44,53,6,5,39,47,17,Test/11158.png
28,28,6,6,23,23,17,Test/11195.png
43,48,6,5,38,43,17,Test/11219.png
33,41,5,6,28,36,17,Test/11235.png
30,36,5,6,25,30,17,Test/11237.png
31,32,6,5,26,27,17,Test/11252.png
31,33,6,6,26,28,17,Test/11256.png
29,30,6,6,24,25,17,Test/11281.png
41,41,5,6,36,36,17,Test/11314.png
35,36,5,6,30,31,17,Test/11367.png
38,39,5,6,32,34,17,Test/11521.png
28,33,6,6,23,27,17,Test/11554.png
33,34,6,5,28,29,17,Test/11567.png
31,32,6,6,26,27,17,Test/11612.png
33,34,5,5,28,28,17,Test/11686.png
30,45,6,6,24,39,17,Test/11730.png
28,54,6,6,22,48,17,Test/11782.png
59,68,5,6,54,62,17,Test/11796.png
32,34,5,6,27,29,17,Test/11824.png
27,28,5,5,22,23,17,Test/11850.png
34,66,6,6,28,60,17,Test/11927.png
26,27,5,5,21,22,17,Test/11932.png
31,32,5,5,26,26,17,Test/11979.png
32,36,6,6,27,31,17,Test/11996.png
27,32,6,6,22,27,17,Test/12035.png
30,35,5,6,25,30,17,Test/12072.png
27,32,5,6,22,27,17,Test/12165.png
30,30,6,5,25,25,17,Test/12179.png
33,35,6,5,28,30,17,Test/12190.png
30,31,6,6,25,26,17,Test/12232.png
39,43,6,6,34,38,17,Test/12261.png
31,33,5,5,26,28,17,Test/12457.png
33,36,5,6,28,31,17,Test/12486.png
26,31,5,6,21,26,17,Test/12573.png
28,30,5,6,23,25,6,Test/00129.png
34,38,5,5,29,33,6,Test/00142.png
41,45,6,6,36,40,6,Test/00156.png
29,30,5,6,24,25,6,Test/00323.png
30,30,5,5,25,25,6,Test/00335.png
45,52,5,6,40,47,6,Test/00435.png
33,33,6,6,28,28,6,Test/00459.png
58,65,6,6,53,60,6,Test/00483.png
31,31,6,6,26,26,6,Test/00537.png
32,33,6,6,27,28,6,Test/00541.png
54,60,6,6,48,54,6,Test/00573.png
36,37,5,6,31,32,6,Test/00715.png
36,37,5,6,31,32,6,Test/00861.png
32,38,5,6,27,32,6,Test/01165.png
48,50,5,6,43,45,6,Test/01309.png
68,69,6,6,62,63,6,Test/01580.png
33,39,5,6,28,33,6,Test/01601.png
29,29,6,6,24,24,6,Test/01667.png
46,46,5,6,41,41,6,Test/01700.png
26,26,5,5,21,21,6,Test/01819.png
43,46,6,5,38,41,6,Test/02105.png
33,34,5,5,28,29,6,Test/02173.png
36,37,5,6,31,32,6,Test/02188.png
51,56,6,6,46,51,6,Test/02236.png
30,32,5,6,25,27,6,Test/02262.png
37,36,6,5,32,31,6,Test/02300.png
48,54,5,5,43,49,6,Test/02424.png
51,57,6,6,45,51,6,Test/02447.png
48,54,5,6,43,49,6,Test/02480.png
38,39,6,6,33,34,6,Test/02677.png
31,33,6,5,26,28,6,Test/02813.png
33,34,6,6,28,29,6,Test/02838.png
29,31,6,5,23,26,6,Test/02987.png
28,28,5,5,23,23,6,Test/03021.png
32,33,5,6,27,28,6,Test/03222.png
27,27,6,6,22,22,6,Test/03303.png
27,29,5,6,22,24,6,Test/03413.png
35,34,6,5,30,29,6,Test/03523.png
28,28,5,5,23,23,6,Test/03561.png
51,54,6,6,46,49,6,Test/03600.png
34,36,5,6,29,31,6,Test/03705.png
29,30,5,6,24,25,6,Test/03721.png
34,34,5,5,29,29,6,Test/03761.png
32,33,5,6,27,28,6,Test/03837.png
37,40,6,5,32,35,6,Test/03952.png
45,46,5,6,40,41,6,Test/03957.png
28,31,5,6,23,25,6,Test/04030.png
36,38,5,5,31,33,6,Test/04129.png
26,26,5,5,21,21,6,Test/04271.png
29,30,6,5,24,24,6,Test/04410.png
76,76,6,6,70,70,6,Test/04662.png
29,32,5,5,24,27,6,Test/04663.png
44,49,6,5,39,43,6,Test/04678.png
36,40,5,6,31,35,6,Test/04687.png
64,65,5,6,59,60,6,Test/05027.png
33,32,6,5,28,27,6,Test/05225.png
36,37,6,6,31,32,6,Test/05309.png
33,34,5,5,28,29,6,Test/05364.png
51,51,6,6,46,46,6,Test/05441.png
26,27,5,6,21,22,6,Test/05521.png
29,33,5,6,23,27,6,Test/05685.png
32,33,6,6,27,28,6,Test/05724.png
61,63,5,6,56,58,6,Test/05752.png
29,29,6,6,24,24,6,Test/05799.png
27,26,6,5,22,21,6,Test/05924.png
31,35,5,6,26,30,6,Test/05985.png
41,41,6,6,36,36,6,Test/06033.png
58,59,5,6,53,54,6,Test/06085.png
55,61,5,6,49,56,6,Test/06145.png
31,36,5,6,26,31,6,Test/06157.png
30,31,5,6,25,26,6,Test/06161.png
38,39,6,6,33,34,6,Test/06180.png
39,38,6,5,34,33,6,Test/06184.png
26,27,5,6,21,22,6,Test/06199.png
33,33,6,5,28,28,6,Test/06219.png
29,28,6,5,24,23,6,Test/06255.png
54,54,5,5,49,49,6,Test/06274.png
33,33,6,6,28,28,6,Test/06324.png
40,40,5,5,35,35,6,Test/06602.png
32,33,6,6,27,28,6,Test/06813.png
40,43,6,6,35,38,6,Test/06972.png
31,34,6,5,26,28,6,Test/07175.png
42,42,5,5,37,37,6,Test/07264.png
50,52,5,5,45,47,6,Test/07383.png
47,53,6,6,42,48,6,Test/07388.png
31,32,5,6,26,27,6,Test/07397.png
35,37,6,6,30,32,6,Test/07446.png
28,29,6,6,23,24,6,Test/07500.png
28,28,5,5,23,23,6,Test/07506.png
40,44,6,6,35,39,6,Test/07631.png
31,30,6,5,26,25,6,Test/07713.png
31,34,5,5,25,28,6,Test/07784.png
26,26,5,5,21,21,6,Test/07928.png
38,39,5,6,33,34,6,Test/08189.png
26,27,5,6,21,22,6,Test/08208.png
43,42,6,5,38,37,6,Test/08303.png
35,36,6,6,30,31,6,Test/08323.png
28,31,6,6,22,26,6,Test/08341.png
29,32,5,5,23,26,6,Test/08431.png
39,42,6,5,34,37,6,Test/08486.png
28,28,6,5,23,23,6,Test/08487.png
27,27,6,6,22,22,6,Test/08499.png
45,49,6,6,40,44,6,Test/08678.png
30,30,5,5,25,25,6,Test/08770.png
53,56,5,6,48,51,6,Test/08815.png
38,40,5,6,33,35,6,Test/08858.png
29,28,6,5,24,23,6,Test/08918.png
44,44,5,5,39,39,6,Test/08968.png
46,46,5,5,41,41,6,Test/09081.png
54,54,5,5,49,49,6,Test/09133.png
31,31,6,5,26,26,6,Test/09295.png
45,44,6,5,40,39,6,Test/09369.png
26,30,5,5,21,25,6,Test/09370.png
35,40,5,6,30,35,6,Test/09410.png
36,36,6,5,31,31,6,Test/09415.png
39,42,5,6,34,37,6,Test/09447.png
34,35,5,6,29,30,6,Test/09545.png
47,51,6,6,42,46,6,Test/09591.png
31,32,6,6,26,27,6,Test/09648.png
33,32,6,5,28,27,6,Test/09810.png
39,40,6,5,34,35,6,Test/09916.png
38,38,5,5,33,33,6,Test/09941.png
29,29,6,5,24,24,6,Test/10013.png
62,62,5,5,57,57,6,Test/10015.png
28,28,6,6,23,23,6,Test/10194.png
28,28,5,5,23,23,6,Test/10210.png
44,46,6,6,39,41,6,Test/10413.png
41,40,6,5,36,35,6,Test/10676.png
53,57,6,5,48,52,6,Test/10734.png
59,58,6,5,54,53,6,Test/10746.png
51,50,6,5,46,45,6,Test/10992.png
31,31,6,6,26,26,6,Test/11070.png
31,33,6,5,25,27,6,Test/11084.png
26,27,5,6,21,22,6,Test/11128.png
49,49,6,6,44,44,6,Test/11224.png
29,29,6,6,24,24,6,Test/11438.png
43,43,6,6,38,38,6,Test/11446.png
34,35,6,6,29,30,6,Test/11640.png
36,38,6,6,31,33,6,Test/11652.png
42,46,6,6,37,41,6,Test/11745.png
27,32,5,6,22,27,6,Test/11773.png
41,45,5,6,36,40,6,Test/11781.png
30,31,6,6,25,26,6,Test/11937.png
30,31,6,6,25,26,6,Test/11984.png
26,29,6,5,21,24,6,Test/12114.png
57,58,5,6,52,53,6,Test/12408.png
55,60,6,6,50,55,6,Test/12426.png
42,46,6,5,37,41,6,Test/12554.png
31,30,6,5,26,25,6,Test/12587.png
29,29,6,6,24,24,6,Test/12627.png
35,35,5,6,30,29,27,Test/00018.png
33,31,6,6,28,26,27,Test/00116.png
34,32,6,6,29,27,27,Test/00610.png
155,139,13,12,142,127,27,Test/00829.png
209,187,18,16,192,171,27,Test/00904.png
30,28,5,5,25,22,27,Test/00960.png
159,142,14,12,146,130,27,Test/01431.png
50,47,5,5,45,42,27,Test/01699.png
42,40,5,5,37,35,27,Test/01840.png
169,152,14,14,155,139,27,Test/02157.png
36,33,6,5,31,28,27,Test/02211.png
43,40,5,5,38,35,27,Test/02610.png
230,202,19,17,211,185,27,Test/02748.png
258,229,22,19,244,210,27,Test/02847.png
29,26,5,5,24,21,27,Test/03012.png
59,54,6,5,54,49,27,Test/03235.png
214,191,18,17,196,175,27,Test/03250.png
253,217,22,18,231,199,27,Test/03564.png
31,28,5,5,26,23,27,Test/03873.png
40,39,5,6,35,34,27,Test/04048.png
172,155,15,14,158,141,27,Test/04456.png
197,177,17,16,181,162,27,Test/04562.png
164,143,15,12,150,131,27,Test/04585.png
83,75,7,6,76,69,27,Test/04697.png
38,36,5,5,33,31,27,Test/04879.png
97,87,9,7,89,80,27,Test/05043.png
191,170,16,14,174,155,27,Test/05057.png
202,180,18,16,185,165,27,Test/05233.png
145,133,12,12,133,122,27,Test/05518.png
184,166,15,15,168,151,27,Test/05667.png
178,159,15,14,163,146,27,Test/05693.png
167,148,14,12,153,135,27,Test/05895.png
47,44,6,6,42,39,27,Test/06038.png
111,100,9,9,102,92,27,Test/06108.png
158,142,14,13,145,130,27,Test/06509.png
260,225,22,19,237,205,27,Test/06612.png
195,172,17,14,178,158,27,Test/07073.png
176,156,16,13,161,142,27,Test/07225.png
154,136,14,11,141,125,27,Test/07553.png
31,30,5,6,26,24,27,Test/07720.png
45,43,5,6,40,38,27,Test/08042.png
39,36,6,6,33,31,27,Test/08133.png
226,200,20,18,207,183,27,Test/08422.png
30,25,6,5,25,20,27,Test/08574.png
152,135,14,12,139,124,27,Test/08585.png
29,27,6,6,24,21,27,Test/08740.png
55,51,6,5,50,46,27,Test/08773.png
147,134,13,12,135,123,27,Test/09158.png
73,69,6,7,67,63,27,Test/09418.png
138,132,12,11,131,121,27,Test/09509.png
34,33,5,6,29,28,27,Test/09528.png
29,26,5,5,23,20,27,Test/09547.png
69,63,7,6,63,58,27,Test/09553.png
62,59,5,6,57,53,27,Test/10000.png
29,27,5,6,24,22,27,Test/10100.png
161,143,14,12,147,131,27,Test/10367.png
237,207,20,18,217,190,27,Test/10878.png
189,168,17,15,173,154,27,Test/11366.png
218,195,18,17,200,178,27,Test/11415.png
31,27,5,5,26,22,27,Test/11851.png
35,34,6,5,30,29,40,Test/00137.png
43,43,5,5,38,38,40,Test/00177.png
62,64,6,6,57,58,40,Test/00245.png
37,38,6,6,32,33,40,Test/00317.png
30,31,5,6,25,26,40,Test/00355.png
97,95,9,8,89,87,40,Test/00453.png
32,32,6,6,27,27,40,Test/00499.png
87,87,8,7,79,79,40,Test/01054.png
54,54,5,5,49,49,40,Test/01123.png
40,42,5,5,35,37,40,Test/01132.png
46,47,5,6,41,42,40,Test/01206.png
47,48,5,5,41,43,40,Test/01368.png
28,29,6,5,23,24,40,Test/01712.png
50,51,5,6,45,46,40,Test/01727.png
37,38,5,6,32,33,40,Test/01790.png
108,108,9,10,99,99,40,Test/01958.png
27,27,6,5,22,22,40,Test/01969.png
99,95,8,9,91,87,40,Test/02159.png
82,81,8,7,74,74,40,Test/02184.png
113,119,10,11,104,109,40,Test/02487.png
94,94,9,9,85,85,40,Test/02506.png
46,46,6,5,41,41,40,Test/02535.png
88,89,8,8,81,82,40,Test/02894.png
48,49,6,5,43,44,40,Test/03103.png
70,71,7,6,64,64,40,Test/03141.png
44,44,6,6,38,39,40,Test/03274.png
73,71,7,7,67,65,40,Test/03378.png
127,134,11,11,116,122,40,Test/03422.png
42,43,5,5,36,37,40,Test/03454.png
26,29,5,6,21,24,40,Test/03704.png
73,76,6,7,67,70,40,Test/03964.png
43,42,6,6,38,37,40,Test/03968.png
73,75,6,7,67,69,40,Test/03975.png
51,50,6,5,46,45,40,Test/04138.png
34,33,5,6,28,27,40,Test/04515.png
27,26,6,5,22,21,40,Test/04667.png
63,64,5,5,58,59,40,Test/04709.png
33,34,5,6,28,29,40,Test/04898.png
41,42,5,6,36,37,40,Test/04951.png
48,47,6,5,43,42,40,Test/04980.png
40,39,6,5,35,34,40,Test/05127.png
105,104,10,10,96,95,40,Test/05218.png
61,61,6,6,56,56,40,Test/05222.png
34,35,5,6,29,29,40,Test/05248.png
54,51,6,5,49,46,40,Test/05336.png
68,65,6,6,62,60,40,Test/05359.png
27,26,6,5,22,21,40,Test/05369.png
30,30,6,6,25,25,40,Test/05490.png
55,58,5,6,50,53,40,Test/05601.png
29,29,6,6,24,24,40,Test/05608.png
133,131,11,12,122,120,40,Test/05659.png
44,46,5,6,39,41,40,Test/05992.png
115,107,10,9,105,98,40,Test/06062.png
57,59,5,5,52,54,40,Test/06267.png
61,58,6,5,56,53,40,Test/06349.png
37,38,5,6,32,33,40,Test/06366.png
37,38,6,5,31,33,40,Test/06516.png
118,117,10,10,107,106,40,Test/06894.png
34,36,6,6,29,31,40,Test/07146.png
57,54,6,5,52,49,40,Test/07267.png
35,36,6,5,30,31,40,Test/07434.png
89,86,8,8,82,79,40,Test/07640.png
26,29,5,6,20,24,40,Test/07695.png
83,80,8,8,76,73,40,Test/07776.png
31,32,5,6,26,27,40,Test/07848.png
40,39,6,5,35,34,40,Test/07935.png
31,31,5,5,26,26,40,Test/08019.png
48,47,6,5,42,42,40,Test/08031.png
132,123,11,10,121,113,40,Test/08131.png
98,100,8,9,90,92,40,Test/08199.png
28,29,5,6,23,24,40,Test/08344.png
53,55,5,5,48,50,40,Test/08808.png
32,31,5,6,27,26,40,Test/09161.png
58,57,6,5,53,52,40,Test/09274.png
76,81,6,8,70,73,40,Test/09975.png
28,29,6,5,23,24,40,Test/10169.png
50,53,5,6,45,48,40,Test/10206.png
82,83,8,8,75,76,40,Test/10575.png
32,32,6,6,27,27,40,Test/10835.png
29,29,6,6,23,24,40,Test/11028.png
40,40,6,6,34,35,40,Test/11298.png
46,46,6,6,40,40,40,Test/11738.png
51,55,5,6,46,49,40,Test/11833.png
69,71,7,7,63,64,40,Test/11857.png
59,60,5,5,54,55,40,Test/12135.png
48,51,5,6,43,46,40,Test/12184.png
42,43,5,5,36,37,40,Test/12326.png
128,124,12,11,117,114,40,Test/12435.png
68,69,7,7,62,63,40,Test/12436.png
39,41,6,6,34,36,40,Test/12475.png
